{"cameraMode":{"drawMode":0,"name":"Shaded","section":"Shading Mode"},"sceneLighting":true,"audioPlay":false,"sceneViewState":{"showFog":true,"showMaterialUpdate":false,"showSkybox":true,"showFlares":true,"showImageEffects":true,"showParticleSystems":true},"in2DMode":false,"pivot":{"x":3.712059259414673,"y":-2.873361110687256,"z":2.7350831031799318},"rotation":{"x":0.22002631425857545,"y":-0.03657102584838867,"z":0.008254816755652428,"w":0.9747737050056458},"size":4.313347816467285,"orthographic":false}