{"cameraMode":{"drawMode":0,"name":"Shaded","section":"Shading Mode"},"sceneLighting":false,"audioPlay":false,"sceneViewState":{"showFog":true,"showMaterialUpdate":false,"showSkybox":false,"showFlares":true,"showImageEffects":true,"showParticleSystems":true},"in2DMode":false,"pivot":{"x":3.2507095336914064,"y":-1.6699999570846558,"z":-0.5237464308738709},"rotation":{"x":0.2329881340265274,"y":0.1924992948770523,"z":-0.047107793390750888,"w":0.9520728588104248},"size":4.313347816467285,"orthographic":false}