{"cameraMode":{"drawMode":0,"name":"Shaded","section":"Shading Mode"},"sceneLighting":true,"audioPlay":false,"sceneViewState":{"showFog":true,"showMaterialUpdate":false,"showSkybox":false,"showFlares":true,"showImageEffects":true,"showParticleSystems":true},"in2DMode":false,"pivot":{"x":-0.1684436798095703,"y":0.05788016319274902,"z":1.0226445198059083},"rotation":{"x":-0.030446546152234079,"y":0.9631319046020508,"z":-0.12377241253852844,"w":-0.2369188666343689},"size":20.005186080932618,"orthographic":false}